"Original","Archived","Files","Bytes","VerifiedSHA256"
"assets/design/slot-machine-compact-v1.png","歷史封存/2026-09-27/design/slot-machine-compact-v1.png","1","1465121","True"
"assets/design/slot-machine-compact-v1-prompt.md","歷史封存/2026-09-27/design/slot-machine-compact-v1-prompt.md","1","2775","True"
"assets/design/slot-machine-compact-v2.png","歷史封存/2026-09-27/design/slot-machine-compact-v2.png","1","1463363","True"
"assets/design/slot-machine-compact-v2-prompt.md","歷史封存/2026-09-27/design/slot-machine-compact-v2-prompt.md","1","2561","True"
"assets/design/lever-left-three-poses-v1.png","歷史封存/2026-09-27/design/lever-left-three-poses-v1.png","1","1846730","True"
"assets/design/lever-left-three-poses-v1-prompt.md","歷史封存/2026-09-27/design/lever-left-three-poses-v1-prompt.md","1","5610","True"
"assets/design/lever-left-three-poses-v2.png","歷史封存/2026-09-27/design/lever-left-three-poses-v2.png","1","1797424","True"
"assets/design/lever-left-three-poses-v2-prompt.md","歷史封存/2026-09-27/design/lever-left-three-poses-v2-prompt.md","1","6184","True"
"assets/design/lever-left-poses-preview.html","歷史封存/2026-09-27/design/lever-left-poses-preview.html","1","3568","True"
"slot-machine.png","歷史封存/2026-09-27/design/slot-machine.png","1","1563347","True"
"design-qa.md","歷史封存/2026-09-27/docs/design-qa.md","1","5449","True"
"{","歷史封存/2026-09-27/misc/{","1","0","True"
"後台","歷史封存/2026-09-27/local-only/legacy/後台","1012","7842326","True"
"updated_backend_js.js","歷史封存/2026-09-27/local-only/legacy/updated_backend_js.js","1","6995","True"
"流程圖.html","歷史封存/2026-09-27/local-only/legacy/流程圖.html","1","13574","True"
"雲端拉霸說明書.html","歷史封存/2026-09-27/local-only/legacy/雲端拉霸說明書.html","1","22318","True"
"雲端拉霸機故事書.pdf","歷史封存/2026-09-27/local-only/legacy/雲端拉霸機故事書.pdf","1","3206158","True"
"雲端拉霸機流程圖.pdf","歷史封存/2026-09-27/local-only/legacy/雲端拉霸機流程圖.pdf","1","673614","True"
".local-setup/original","歷史封存/2026-09-27/local-only/setup/original","15","5970936","True"
".local-setup/upstream","歷史封存/2026-09-27/local-only/setup/upstream","10","2043069","True"
".local-setup/backups","歷史封存/2026-09-27/local-only/setup/backups","1","969","True"
".local-setup/design-history-20260924","歷史封存/2026-09-27/local-only/setup/design-history-20260924","4","5725275","True"
".local-setup/design-queue-removal-20260924","歷史封存/2026-09-27/local-only/setup/design-queue-removal-20260924","4","2856851","True"
".local-setup/qa","歷史封存/2026-09-27/local-only/setup/qa","5","269074","True"
".local-setup/video-review","歷史封存/2026-09-27/local-only/setup/video-review","86","9771012","True"
".local-setup/inspect-video.ps1","歷史封存/2026-09-27/local-only/setup/inspect-video.ps1","1","2275","True"
".local-setup/logs","歷史封存/2026-09-27/local-only/setup/logs","2","1244","True"
